platform,price,price_display,airline,out_depart,out_arrive,ret_depart,ret_arrive,split,link
Kayak,1380,"$1,380",WB + DL,2026-11-25T14:45:00,N/A,2026-12-24T17:10:00,N/A,YES,https://www.kayak.com
Kayak,1577,"$1,577",Unknown,N/A,N/A,N/A,N/A,No,https://www.kayak.com/book/flight?code=uGECM2h2zD.ZpbE3-UY8hoNUvH8T-y68A.157696.8db164c14c2955db8e62e7df1944c4df&h=7084de24646f&sub=F-1171318425851316815E0d49c6c078d&viewId=14f1fe7e-ba0c-4616-8fd1-c34455feeefb&viewRank=2
Expedia,1620.0,"US$1,620",Emirates,2026-11-25T17:55,2026-11-26T12:45,2026-12-24T15:35,2026-12-26T16:10,No,https://expedia.com/affiliate?siteid=1&landingPage=https%3A%2F%2Fwww.expedia.com%2FFlight-Information%3FjourneyContinuationId%3DAQrNAwqtA3Y1LXNvcy1hMThiMGNiZjgwOTA0ODk1ODVmMTc2YTQwMWYzZGExOC0zMzktMX44LlMuMX5BUW9DQ0Q4U0J3aW9YQkFCR0E4b0FsZ0NjQUI2Q1c1a1kyUnBjbVZqZElnQnZaNzBaS29CQndvRFRFOVRFQUN5QVFjS0EweEJXQkFBfkFRcGdDaTRJeFpZQkVnTTNPRFFZeTVNQklPTU5LTmVPbmdNd2lwS2VBemhVUUFCWUFXb0NXVkJ5Q0ZSTVJVVlFUa2N4Q2k0SXhaWUJFZ015TVRVWTR3MGdpN2dCS0k2VW5nTXczWnVlQXpoVVFBQllBV29DV1ZCeUNGUk1SVVZRVGtjeENtQUtMZ2pGbGdFU0F6SXhOaGlMdUFFZzR3MG9oOWlnQXpEQzM2QURPRlJBQUZnQmFnSlpVSElJVkV4RlJWQk9SekVLTGdqRmxnRVNBemM0TXhqakRTRExrd0VveHVhZ0F6RE82cUFET0ZSQUFGZ0JhZ0paVUhJSVZFeEZSVkJPUnpFU0NnZ0JFQUVZQVNvQ1JVc1lBU0lFQ0FFUUFTZ0NLQU1vQkRBTBHsUbgeheiVQCIBASoFEgMKATF6BUNvYWNogAEAEj8KFgoKMjAyNi0xMS0yNRIDTE9TGgNMQVgKFgoKMjAyNi0xMi0yNBIDTEFYGgNMT1MSBxIFQ09BQ0gaAhABIAI%253D%26marketingChannel%3DDIRECT&camref=1011l5PtUP&creativeref=1100l68075&adref=PZOLM3k71u
Skyscanner,1680.5,"$1,681",EgyptAir,2026-11-25T15:00:00,2026-11-26T12:20:00,2026-12-24T16:25:00,2026-12-26T13:45:00,No,https://www.skyscanner.com/transport/flights/los/lax/261125/261224/?adults=1&cabinclass=economy
Skyscanner,1691.97,"$1,692",Emirates,2026-11-25T17:55:00,2026-11-26T12:45:00,2026-12-24T15:35:00,2026-12-26T16:10:00,No,https://www.skyscanner.com/transport/flights/los/lax/261125/261224/?adults=1&cabinclass=economy
Skyscanner,1710.5,"$1,711",Qatar Airways,2026-11-25T15:30:00,2026-11-26T12:50:00,2026-12-24T15:10:00,2026-12-26T14:00:00,No,https://www.skyscanner.com/transport/flights/los/lax/261125/261224/?adults=1&cabinclass=economy
Expedia,1711.0,"US$1,711",EGYPTAIR,2026-11-25T15:00,2026-11-26T12:20,2026-12-24T16:25,2026-12-26T13:45,No,https://expedia.com/affiliate?siteid=1&landingPage=https%3A%2F%2Fwww.expedia.com%2FFlight-Information%3FjourneyContinuationId%3DAQq1AwqVA3Y1LXNvcy1hMThiMGNiZjgwOTA0ODk1ODVmMTc2YTQwMWYzZGExOC03MDQtMn44LlMuMX5BUW9DQ0Q4U0J3aW9YQkFCR0E4b0FsZ0NjQUI2QTJKbWM0Z0J2WjcwWktvQkJ3b0RURTlURUFDeUFRY0tBMHhCV0JBQX5BUXBhQ2lzSXphWUJFZ000TnpZWXk1TUJJSUpBS0tpTm5nTXczby1lQXpoWFFBQllBV29DUWs5eUJWZE9TVTVIQ2lzSXphWUJFZ001T0RNWWdrQWdpN2dCS01xVW5nTXd4SnVlQXpoWFFBRllBV29DUWs5eUJWZE9TVTVIQ2xvS0t3ak5wZ0VTQXprNE5CaUx1QUVnZ2tBb3VkaWdBekR5M3FBRE9GRkFBRmdCYWdKSFJISUZVVkpGVGtjS0t3ak5wZ0VTQXpnM05SaUNRQ0RMa3dFbzBPYWdBekM5NmFBRE9GRkFBVmdCYWdKSFJISUZVVkpGVGtjU0NnZ0NFQUVZQWlvQ1RWTVlBU0lFQ0FFUUFTZ0NLQVFvQmpBQhE9CtejcCKXQCIBASoFEgMKATF6BUNvYWNogAEAEj8KFgoKMjAyNi0xMS0yNRIDTE9TGgNMQVgKFgoKMjAyNi0xMi0yNBIDTEFYGgNMT1MSBxIFQ09BQ0gaAhABIAI%253D%26marketingChannel%3DDIRECT&camref=1011l5PtUP&creativeref=1100l68075&adref=PZOLM3k71u
Booking.com,1731,$1731,Egyptair,2026-11-25T15:00:00,2026-11-26T12:20:00,2026-12-24T16:25:00,2026-12-26T13:45:00,No,https://flights.booking.com/flights/LOS.AIRPORT-LAX.AIRPORT/?type=ROUNDTRIP&adults=1&cabinClass=ECONOMY&depart=2026-11-25&return=2026-12-24
Booking.com,1753,$1753,Emirates Airlines,2026-11-25T17:55:00,2026-11-26T12:45:00,2026-12-24T15:35:00,2026-12-26T16:10:00,No,https://flights.booking.com/flights/LOS.AIRPORT-LAX.AIRPORT/?type=ROUNDTRIP&adults=1&cabinClass=ECONOMY&depart=2026-11-25&return=2026-12-24
Booking.com,1937,$1937,Qatar Airways,2026-11-25T15:30:00,2026-11-26T12:50:00,2026-12-24T15:10:00,2026-12-26T14:00:00,No,https://flights.booking.com/flights/LOS.AIRPORT-LAX.AIRPORT/?type=ROUNDTRIP&adults=1&cabinClass=ECONOMY&depart=2026-11-25&return=2026-12-24
Kayak,1997,"$1,997",Unknown,N/A,N/A,N/A,N/A,No,https://www.kayak.com/book/flight?code=uGECM2h2zD.2UFg3_Lii-UH7S5X9hxNmw.199695.7471bad1ff399e17cae854ca0baa6e0b&h=00ab0c28e2f8&sub=F-5299422439846746303E04905e4b9cf&viewId=14f1fe7e-ba0c-4616-8fd1-c34455feeefb&viewRank=3&adContentId=92c073351da49d104b5450d8e1c95f82
Expedia,2042.0,"US$2,042",Air France,2026-11-25T23:55,2026-11-26T13:00,2026-12-24T21:05,2026-12-26T21:40,No,https://expedia.com/affiliate?siteid=1&landingPage=https%3A%2F%2Fwww.expedia.com%2FFlight-Information%3FjourneyContinuationId%3DAQrpAwrJA3Y1LXNvcy1hMThiMGNiZjgwOTA0ODk1ODVmMTc2YTQwMWYzZGExOC0xMTMtMX44LlMuMX5BUW9DQ0Q4U0J3aW9YQkFCR0E4b0FsZ0NjQUI2QTJKbWM0Z0J2WjcwWktJQkFVU3FBUWNLQTB4UFV4QUFzZ0VIQ2dOTVFWZ1FBQX5BUXByQ2pRSXdZd0JFZ014TkRrWXk1TUJJT0l3S0wtUm5nTXcxSlNlQXpoV1FBQllBV29JVEVsSFNGUkNRVWR5Q0ZaSFREaEtRbEpCQ2pNSXdZd0JFZ0l5TWhqaU1DQ0x1QUVvcHBhZUF6RHNtNTRET0ZaQUFWZ0JhZ2hNU1VkSVZFSkJSM0lJVmtkTU9FcENVa0VLYXdvekNNR01BUklDTVRrWWk3Z0JJT0l3S05IYW9BTXcxdC1nQXpoRlFBQllBV29JVEVsSFNGUkNRVWR5Q0VWSFVUWktRbEpCQ2pRSXdZd0JFZ014TkRnWTRqQWd5NU1CS0pMcW9BTXdtTzJnQXpoRlFBRllBV29JVEVsSFNGUkNRVWR5Q0VWSFVUWktRbEpCRWdvSUFSQUJHQUVxQWtGR0dBRWlCQWdCRUFFb0FpZ0RLQVF3RFER16NwPQqcm0AiAQEqBRIDCgExegVDb2FjaIABABI_ChYKCjIwMjYtMTEtMjUSA0xPUxoDTEFYChYKCjIwMjYtMTItMjQSA0xBWBoDTE9TEgcSBUNPQUNIGgIQASAC%26marketingChannel%3DDIRECT&camref=1011l5PtUP&creativeref=1100l68075&adref=PZOLM3k71u
